Date,Region,Magnitude,Depth,Latitude,Longitude
05/11/2023,"Hindu Kush Region,Afghanistan",4.5,80,36.62,67.78
23/03/2023,18 Km NW of Bhalwal,4.2,6,32.35,72.74
26/11/2023,Tajikistan,4.3,140,37.5,72.23
10/06/2023,Afghanistan-Tajikistan Border Region,3.9,110,36.17,71.29
19/12/2023,Afghanistan-Tajikistan Border Region,3.7,105,36.58,71.01
23/02/2023,Tajikistan,4.7,141,38.19,72.96
22/03/2023,Tajikistan,4.0,140,37.42,72.14
01/09/2023,Tajikistan-Xinjiang Border Region,4.6,104,38.7,73.31
30/04/2023,Mayanmar,4.9,116,22.92,94.49
15/12/2023,Tajikistan-Xinjiang Border Region,3.9,170,38.38,74.45
03/09/2023,Afghanistan-Tajikistan Border Region.,5.0,120,36.59,71.63
22/03/2023,"Hindu Kush Region,Afghanistan",3.9,110,36.56,70.98
01/04/2023,Nepal,4.5,10,28.08,85.96
07/11/2023,Solomon Island,5.2,63,-8.2,160.96
10/08/2023,"Hindu Kush Region,Afghanistan",3.2,97,36.22,69.42
29/03/2023,Afghanistan-Tajikistan Border Region,3.5,157,36.82,71.34
07/10/2023,"Eastern New Guinea Region, P.N.G",4.8,139,-5.75,146.09
12/11/2023,"New Ireland Region, P.N.G",5.0,10,-3.88,150.76
26/10/2023,West of  Macquarie  Island,5.6,5,-58.88,148.92
14/10/2023,"Southeast of Honshu, Japan",4.6,48,30.71,141.83
11/05/2023,Afghanistan-Tajikistan Border Region,4.2,171,36.51,71.05
09/03/2023,"Hindu Kush Region,Afghanistan",3.6,122,36.55,70.17
23/10/2023,Taiwan Region,5.6,10,24.21,122.62
02/12/2023,Near Coast of Northern Chile,5.4,44,-24.52,-70.32
10/06/2023,Afghanistan-Tajikistan Border Region,4.0,206,36.5,71.26
17/10/2023,Southern Iran,5.5,30,27.67,56.14
13/05/2023,Southeastern Afghanistan,3.7,150,34.12,68.62
01/11/2023,Tajikistan-Xinjiang Border Region,4.5,45,37.27,74.85
21/10/2023,"Hindu Kush Region,Afghanistan",2.7,130,36.51,70.97
16/10/2023,"Hindu Kush Region,Afghanistan",3.3,120,36.63,70.93
10/11/2023,Iran-Iraq Border Region,4.8,2,32.85,47.66
05/08/2023,8km SothWest of Batgram,5.5,22,34.62,72.97
23/03/2023,Turkey,5.2,10,37.99,36.25
07/11/2023,"New Britain Region, P.N.G.",5.0,123,-4.42,152.95
07/08/2023,Afghanistan-Tajikistan Border Region,4.8,130,36.64,71.55
20/06/2023,"Hindu Kush Region,Afghanistan",3.9,150,36.02,70.6
04/07/2023,"Hindu Kush Region,Afghanistan",3.9,120,36.62,70.53
04/10/2023,Vanuatu Islands,5.4,85,-20.66,169.47
15/04/2023,South of Indian Ocean,4.9,10,34.03,56.47
13/04/2023,Afghanistan-Tajikistan Border Region,3.7,75,36.68,71.48
30/09/2023,Afghanistan-Tajikistan Border Region,4.5,198,36.71,71.26
29/05/2023,"Hindu Kush Region,Afghanistan",4.4,185,35.36,69.16
28/10/2023,Solomon Islands,5.6,10,-10.22,161.16
18/10/2023,Turkey,4.4,157,37.42,27.44
05/11/2023,"Southern Sumatra, Indonesia",4.6,47,-5.26,102.43
29/06/2023,Afghanistan-Tajikistan Border Region,5.4,171,37.19,71.86
25/10/2023,Solomon Island,4.5,169,-10.76,158.75
24/12/2023,Southeastern Afghanistan,3.6,153,34.27,70.97
23/10/2023,Fiji Islands Region,5.9,320,-15.09,-176.12
09/11/2023,Banda Sea,5.2,10,-5.49,130.32
08/11/2023,Western Texas,5.4,5,31.6,-103.87
14/11/2023,"New Ireland Region, P.N.G",5.2,10,-3.86,150.93
23/12/2023,Northwestern Iran,4.5,10,37.95,46.66
06/10/2023,Kuril Islands,4.8,128,48.0,152.68
16/03/2023,Turkey Iran Border Region,5.0,61,38.54,44.98
14/12/2023,"Java, Indonesia",5.0,107,-7.05,106.21
14/11/2023,"New Britain Region, P.N.G.",5.6,10,-5.97,148.17
07/12/2023,"Hindu Kush Region, Afghanistan",3.5,126,36.48,70.47
18/11/2023,84 KM Northwest of Gilgit,3.3,45,36.28,73.48
01/03/2023,"Southern Xinjiang, China",3.4,75,38.23,76.46
14/07/2023,Afghanistan-Tajikistan Border Region,5.1,160,36.17,71.56
16/10/2023,"25 Km Southwest of Talagang, Punjab",4.0,11,32.82,72.09
02/12/2023,"Mindanao, Philippines",6.0,50,8.37,126.9
08/11/2023,"Southwest of Sumatra, Indonesia",4.7,10,-2.94,92.14
29/12/2023,Chagos Archipelago Region,4.5,83,-7.21,68.02
19/12/2023,Solomon Islands,5.5,84,-6.81,155.2
28/11/2023,Afghanistan-Tajikistan Border Region,4.2,240,37.24,70.94
23/12/2023,Banda Sea,4.8,10,-6.34,129.68
20/04/2023,Afghanistan-Tajikistan Border Region,3.5,238,36.72,72.05
21/12/2023,"Near East Coast of Honshu, Japan",4.8,59,35.39,140.87
14/11/2023,"New Britain Region, P.N.G.",4.9,10,-4.19,150.67
14/10/2023,Afghanistan-Tajikistan Border Region,4.3,119,37.59,71.92
10/07/2023,Kashmir-India Border Region,5.3,19,32.98,75.86
26/12/2023,Southeast of Honshu Japan,4.9,426,30.39,138.58
16/11/2023,"Hindu Kush Region, Afghanistan",3.9,124,36.66,70.43
23/10/2023,"Halmahera,Indonesia",4.8,10,1.16,127.97
27/05/2023,"Hindu Kush Region,Afghanistan",3.5,163,36.39,70.47
20/12/2023,Afghanistan-Tajikistan Border Region,3.7,101,36.28,71.25
31/05/2023,"Hindu Kush Region,Afghanistan",3.9,150,36.31,69.84
25/03/2023,63 Km NW of Usta Muhammad,4.6,45,28.37,67.4
17/02/2023,Afghanistan-Tajikistan Border Region,3.9,139,37.33,71.65
09/04/2023,63 Km West of Zhob,3.2,26,31.29,68.78
08/10/2023,Afghanistan-Tajikistan Border Region,3.9,149,36.09,71.55
18/05/2023,Afghanistan-Tajikistan Border Region,4.6,119,37.37,71.95
14/05/2023,Afghanistan-Tajikistan Border Region,4.1,129,37.18,71.95
01/11/2023,Afghanistan - Tajikistan Border Region,3.7,120,36.03,71.25
22/09/2023,Afghanistan-Tajikistan Border Region,4.4,123,36.0,71.79
03/12/2023,Philippine Islands Region,5.1,62,8.41,127.01
30/04/2023,"Hindu Kush Region,Afghanistan",4.3,115,36.6,70.6
07/10/2023,Afghanistan-Tajikistan Border Region.,3.7,80,36.81,72.97
16/06/2023,India-Bangladesh Border Region,4.9,19,25.72,91.33
08/11/2023,Banda Sea,5.6,130,-5.76,130.1
04/11/2023,Tajikistan,4.8,18,37.99,73.84
09/10/2023,Northwestern Afghanistan,5.2,5,34.57,61.99
28/11/2023,"Hindu Kush Region,Afghanistan",3.7,129,36.26,70.18
14/07/2023,Southwestern Kashmir,2.6,8,34.03,74.17
11/05/2023,"Sichuan, China",5.0,14,29.59,101.98
15/05/2023,Tajikistan,3.5,120,37.38,72.12
01/12/2023,Afghanistan-Tajikistan Border Region,3.1,90,36.89,72.71
11/12/2023,Reykjanes Ridge,4.8,10,56.94,-34.62
13/10/2023,Afghanistan-Tajikistan Border Region,3.5,40,37.4,71.95
03/12/2023,"Mindanao, Philippines",5.8,11,8.81,126.97
21/11/2023,94 km NW of chilas,3.0,36,35.84,73.19
30/10/2023,"Southern Xinjiang, China",4.1,10,40.448,84.801
10/10/2023,"Hindu Kush Region,Afghanistan",4.0,207,36.5,70.18
07/10/2023,"Eastern New Guinea Region, P.N.G",5.1,10,-5.54,146.21
09/06/2023,"Hindu Kush Region,Afghanistan",3.1,162,36.12,69.64
09/10/2023,Tajikistan - Xinjiang Border Region,4.4,29,37.67,74.66
27/12/2023,Tajikistan-Xinjiang Border Region,3.7,150,38.7,73.52
12/12/2023,Philippine Islands Region,4.9,35,8.93,127.22
23/12/2023,Near East Coast of Kamchatka,5.7,58,52.08,158.92
16/03/2023,Kashmir-India Border Region,4.2,41,32.96,76.13
23/05/2023,Afghanistan-Tajikistan Border Region,4.7,85,36.41,71.29
14/09/2023,Tajikistan,4.0,169,37.56,73.33
15/10/2023,"Hindu Kush Region,Afghanistan",4.2,110,36.1,70.84
07/10/2023,Eastern Turkey,4.4,12,38.31,38.16
24/12/2023,Tajikistan-Xinjiang Border Region,3.5,90,38.12,74.01
18/11/2023,Afghanistan-Tajikistan Border Region,3.8,120,36.77,71.14
27/03/2023,Tajikistan-Xinjiang Border Region,3.6,90,38.28,73.77
21/01/2023,"Hindu Kush Region,Afghanistan",4.4,110,36.37,70.37
05/12/2023,"Nicobar Islands, India Region",4.7,13,29.36,93.72
30/12/2023,South Sandwich Islands Region,5.7,5,-54.54,-23.24
22/12/2023,Afghanistan-Tajikistan Border Region,3.9,120,36.94,71.08
21/05/2023,Afghanistan-Tajikistan Border Region,4.5,100,37.33,71.87
17/07/2023,Afghanistan-Tajikistan Border Region,4.4,143,36.71,71.27
20/10/2023,Southeastern Afghanistan,3.8,112,34.42,68.6
08/11/2023,Near North  Coast of Irian Jaya,4.6,64,-1.96,138.88
25/02/2023,Tajikistan-Xinjiang Border Region,4.1,110,38.15,73.61
06/05/2023,Afghanistan-Tajikistan Border Region,4.1,123,36.38,71.33
21/12/2023,Tajikistan,3.5,285,37.59,73.6
07/11/2023,30km South East of Skardu,3.0,38,35.08,75.85
06/08/2023,"Hindu Kush Region,Afghanistan",6.1,143,36.62,70.93
16/07/2023,Afghanistan-Tajikistan Border Region,3.8,77,36.87,71.98
06/06/2023,110 Km NW of Shahdadkot,4.2,7,38.35,66.9
12/12/2023,Tonga Islands,5.7,267,-17.96,-175.45
22/01/2023,"Hindu Kush Region,Afghanistan",4.9,127,36.54,70.45
26/03/2023,"Hindu Kush Region,Afghanistan",4.3,171,36.37,70.48
10/08/2023,Afghanistan-Tajikistan Border Region,2.9,189,36.59,71.1
15/03/2023,Afghanistan-Tajikistan Border Region,3.2,241,36.44,72.3
24/02/2023,Tajikistan-Xinjiang Border Region,4.4,184,38.22,73.06
28/05/2023,Afghanistan-Tajikistan Border Region,4.4,139,36.34,71.67
03/11/2023,Near Coast of Central Chile,5.0,35,-30.13,-71.97
08/11/2023,Banda Sea,5.1,10,-16.03,129.9
29/10/2023,Afghanistan-Tajikistan Border Region.,3.9,55,37.36,71.88
18/08/2023,Southern Iran,4.8,10,27.88,53.93
27/12/2023,Tajikistan-Xinjiang Border Region,3.6,129,38.69,74.02
28/10/2023,Eastern Kashmir,3.6,21,35.82,75.52
31/08/2023,TajikistanXinjiang Border Region,5.4,44,38.13,73.33
02/09/2023,"40km South of Chamman, Balochistan",3.3,56,30.59,66.35
26/11/2023,Vanuatu Islands,5.2,57,-21.22,173.84
14/11/2023,"New Britain Region, P.N.G.",5.3,10,-4.1,150.92
22/12/2023,Afghanistan-Tajikistan Border Region,4.2,45,36.46,70.69
11/03/2023,"Hindu Kush Region,Afghanistan",5.2,203,36.35,70.47
27/05/2023,13 Km SW of Saidu sharif,3.0,4,34.66,72.3
14/12/2023,Mariana Islands,5.1,10,19.8,145.51
15/06/2023,Tajikistan-Xinjiang Border Region,3.4,135,38.23,74.14
03/11/2023,Nepal,6.0,30,28.92,82.1
09/01/2023,Afghanistan-Tajikistan Border Region.,4.5,180,36.64,71.26
02/05/2023,Afghanistan-Tajikistan Border Region,4.3,23,37.26,70.65
31/10/2023,"Minahassa Peninsula, Sulawesi",5.1,126,-0.01,123.83
16/09/2023,Tajikistan,4.2,234,38.81,72.12
27/02/2023,"Southern Xinjiang, China",4.5,58,39.6,74.07
26/03/2023,Afghanistan-Tajikistan Border Region,3.9,170,37.2,71.66
03/12/2023,"Mindanao, Philippines",5.5,38,8.79,126.97
02/06/2023,Afghanistan-Tajikistan Border Region,3.9,140,37.87,71.74
31/12/2023,Northern India,4.5,12,25.44,85.31
12/07/2023,22km NE of Besham,3.0,75,35.12,72.8
23/12/2023,"New Britain Region, P.N.G.",5.2,325,-4.68,150.68
30/10/2023,Komandorskiye  Ostrova Region,4.7,18,56.08,164.38
14/05/2023,Southeastern Afghanistan,4.5,188,33.53,69.23
11/03/2023,Tajikistan-Xinjiang Border Region,4.0,180,38.17,73.86
22/05/2023,Myanmar,4.7,11,26.24,97.88
15/11/2023,Afghanistan-Tajikistan Border Region,4.4,110,37.26,71.99
04/01/2023,27 KM Northwest of Chilas,2.5,18,35.65,73.99
03/11/2023,Afghanistan-Tajikistan Border Region,4.3,82,37.07,71.72
24/11/2023,Kashmir-India Border Region,3.7,40,32.73,76.15
07/12/2023,"Mindanao, Philippines",5.1,66,8.78,126.74
22/09/2023,TajikistanXinjiang Border Region,4.4,250,38.23,73.21
10/06/2023,Tajikistan,3.3,112,37.1,72.58
14/09/2023,Afghanistan-Tajikistan Border Region.,4.7,221,36.46,71.14
14/10/2023,Tajikistan-Xinjiang Border Region,3.7,132,37.84,74.04
08/11/2023,Banda Sea,5.1,10,-5.95,130.22
13/03/2023,Eastern Kashmir,4.1,25,35.19,78.92
02/12/2023,Philippines Islands Region,5.1,45,10.69,126.15
05/08/2023,8km NorthWest of Balakot,5.0,63,34.59,73.27
01/11/2023,Northern and Central Iran,4.7,10,31.98,59.85
28/04/2023,Northwestern Kashmir,3.7,16,36.44,73.68
02/05/2023,Afghanistan-Tajikistan Border Region,3.2,172,37.24,69.52
02/12/2023,"Mindanao, Philippines",5.2,54,8.26,126.83
29/12/2023,Chagos Archipelago Region,4.5,4,-7.05,68.04
13/10/2023,South of Fiji islands,5.6,538,-23.56,-179.97
19/06/2023,Eastern Kashmir,3.8,30,38.86,77.42
15/12/2023,32 Km West of Mastung,3.9,18,29.8,66.51
13/06/2023,"Southern Xinjiang, China",4.8,14,41.82,80.9
12/10/2023,Kuril Islands,5.0,36,44.22,148.52
14/03/2023,"Hindu Kush Region,Afghanistan",3.2,166,36.52,70.36
15/07/2023,Tajikistan,4.5,172,37.47,72.19
25/06/2023,55 Km SE of Kharan,4.2,32,28.39,65.99
08/09/2023,Afghanistan-Tajikistan Border Region,3.8,144,37.08,71.82
02/12/2023,"Mindanao, Philippines",5.0,60,8.69,124.82
27/12/2023,"Hindu Kush Region, Afghanistan",3.4,120,36.59,70.64
03/11/2023,Afghanistan-Tajikistan Border Region,3.9,120,36.55,71.29
01/09/2023,"Hindu Kush Region,Afghanistan",4.1,100,35.43,69.52
27/04/2023,Southwestern Kashmir,4.5,10,27.89,55.26
22/03/2023,Tajikistan,6.2,58,39.63,68.85
18/06/2023,"Southern Xinjiang, China",4.5,11,38.76,76.98
10/10/2023,Afghanistan-Tajikistan Border Region,3.6,139,38.79,71.79
16/10/2023,"Andreanof Islands, Aleutian Islands",6.3,215,52.61,-176.91
18/02/2023,Afghanistan-Tajikistan Border Region,3.8,228,36.34,71.26
05/12/2023,Hawaii,4.7,19,19.9,-155.32
05/09/2023,"Hindu Kush Region,Afghanistan",4.5,175,35.89,69.46
22/12/2023,"Halmahera, Indonesia",5.3,73,2.65,128.22
23/02/2023,Tajikistan-Xinjiang Border Region,3.7,159,38.35,73.73
10/02/2023,Afghanistan-Tajikistan Border Region,3.7,176,36.61,71.09
12/11/2023,Tonga Islands,5.1,192,-18.18,-175.37
26/11/2023,"Halmahera, Indonesia",4.8,142,1.36,128.14
16/03/2023,Turkey,4.6,10,40.72,31.43
25/12/2023,Tajikistan,4.4,114,37.82,73.02
08/06/2023,Afghanistan-Tajikistan Border Region,4.4,187,36.62,71.05
07/12/2023,"Central,Mexico",5.8,58,18.38,-98.59
03/06/2023,"Hindu Kush Region,Afghanistan",3.5,85,35.95,69.48
20/10/2023,"Seram, Indonesia",4.7,26,-2.87,130.01
29/01/2023,"Southern Xinjiang, China",6.0,78,39.99,82.2
26/03/2023,"Hindu Kush Region,Afghanistan",3.7,129,36.66,70.27
01/03/2023,"Southern Xinjiang, China",3.9,80,37.41,76.78
07/05/2023,Tajikistan-Xinjiang Border Region,4.3,196,37.79,75.66
09/12/2023,Reykjanes Ridge,4.5,100,56.53,-34.13
07/12/2023,Philippine Islands Region,5.3,10,8.9,127.04
13/07/2023,Afghanistan-Tajikistan Border Region,5.0,217,36.51,71.35
25/11/2023,Panama,4.8,14,7.33,-80.05
04/02/2023,Afghanistan-Tajikistan Border Region,4.5,203,36.52,71.14
20/11/2023,Tyrrhenian Sea,4.9,413,39.79,13.62
04/01/2023,India-Pakistan border Region,4.6,13,31.8,74.4
13/12/2023,"Southern Xinjiang, China",4.3,153,37.96,76.66
02/12/2023,Philippine Islands Region,6.1,20,8.71,126.92
19/06/2023,Northwestern Kashmir,2.9,11,35.21,74.08
30/09/2023,Eastern Kashmir,3.9,35,34.53,76.56
14/02/2023,Afghanistan-Tajikistan Border Region,3.9,134,36.52,71.25
26/11/2023,Afghanistan-Tajikistan Border Region,3.1,110,36.47,71.15
05/12/2023,"Halmahera, Indonesia",5.3,64,2.6,128.3
23/07/2023,Afghanistan-Tajikistan Border Region,5.4,171,36.52,71.04
08/09/2023,Tajikistan-Xinjiang Border Region,4.2,199,38.16,73.19
15/10/2023,Off Coast of Central Amercia,4.6,18,12.71,-88.55
13/12/2023,"Hidu Kush Region, Afghanistan",3.4,254,36.92,68.92
12/10/2023,Soloman Island,4.9,10,-6.51,155.34
11/05/2023,Afghanistan-Tajikistan Border Region,3.8,120,36.99,71.89
27/05/2023,Afghanistan-Tajikistan Border Region,3.5,162,36.85,71.64
07/12/2023,Vanuatu Islands,6.8,67,-20.66,169.32
04/01/2023,India-Pakistan border Region,4.2,21,30.35,73.79
14/07/2023,Afghanistan-Tajikistan Border Region,3.6,130,37.33,71.95
30/04/2023,"Hindu Kush Region,Afghanistan",4.8,188,36.79,70.59
29/04/2023,Northwestern Kashmir,4.2,118,35.02,73.78
26/10/2023,Tajikistan,3.5,130,37.64,72.97
17/10/2023,Southern Iran,5.2,10,27.82,56.17
23/05/2023,Afghanistan-Tajikistan Border Region,4.0,153,36.29,72.15
28/12/2023,"Hindu Kush Region,Afghanistan",3.7,187,36.39,70.89
31/08/2023,Afghanistan-Tajikistan Border Region.,3.4,136,36.72,71.45
30/01/2023,Kashmir-Xizang Border Region,5.5,87,35.8,79.93
31/08/2023,Afghanistan-Tajikistan Border Region.,5.9,202,36.6,71.26
01/11/2023,"Halmahera,Indonesia",4.5,10,1.93,128.55
17/09/2023,Afghanistan-Tajikistan Border Region,4.8,80,38.77,71.76
29/10/2023,Afghanistan-Tajikistan Border Region,5.5,157,37.21,71.93
05/12/2023,Philippine Islands Region,5.0,13,8.92,127.8
28/11/2023,Kyrgystan-Xinjiang Border Reg.,3.7,74,41.02,79.36
28/12/2023,"Mindanao, Philippines",5.2,10,6.28,125.82
28/05/2023,Afghanistan-Tajikistan Border Region,5.1,224,36.6,71.05
23/06/2023,Tajikistan,4.0,130,40.04,70.6
22/12/2023,North Atlantic Ocean,5.6,10,19.09,-68.75
16/11/2023,78 km Northwest of Karimabad,3.5,78,36.86,74.07
07/10/2023,"Chiapas, Mexico",5.6,86,17.08,-94.9
22/10/2023,"Hindu Kush Region, Afghanistan",3.6,353,36.15,70.9
30/04/2023,"Hindu Kush Region,Afghanistan",4.3,115,36.6,70.6
13/04/2023,27 Km SE of Saidu sharif,3.1,11,34.68,72.68
27/05/2023,Afghanistan-Tajikistan Border Region,3.6,143,37.16,70.59
01/03/2023,Afghanistan-Tajikistan Border Region,3.8,80,38.42,70.65
07/05/2023,10 Km SE of Garhi Habibullah,3.2,11,34.37,73.49
06/05/2023,20 Km SE of Kalam,2.9,32,35.39,72.77
10/01/2023,"Hindu Kush Region,Afghanistan",3.7,165,36.56,70.97
16/11/2023,Svalbard Region,4.8,10,76.37,6.43
31/07/2023,Southeastern Afghanistan,3.2,80,34.14,67.46
05/05/2023,"Hindu Kush Region,Afghanistan",4.1,103,35.3,70.1
25/11/2023,"Near N. Coast of New Guinea, PNG.",5.0,123,-4.76,145.29
08/11/2023,Mariana Islands Region,5.6,339,21.5,143.35
28/12/2023,Vanuatu Islands,5.0,212,-13.84,167.2
22/10/2023,Kashmir-Xinjiang Border Region,3.5,25,36.69,75.92
27/04/2023,Turkmenistan-Iran Border Region,4.6,210,36.18,59.34
11/11/2023,Southeastern Afghanistan,3.3,70,34.29,70.31
04/09/2023,Afghanistan-Tajikistan Border Region.,5.3,80,37.37,71.92
22/11/2023,"New Britain Region, P.N.G.",4.9,10,-6.91,150.8
09/08/2023,Tajikistan,4.4,94,37.27,72.0
02/11/2023,Tajikistan,3.7,15,37.17,73.25
28/06/2023,Iran-Iraq Border Region,4.8,12,32.32,47.34
20/11/2023,"Samar, Philippines",5.0,145,11.46,125.19
10/03/2023,"Hindu Kush Region,Afghanistan",4.8,90,35.74,70.3
01/08/2023,Afghanistan-Tajikistan Border Region,4.3,120,37.33,71.9
27/05/2023,Afghanistan-Tajikistan Border Region,4.6,196,37.01,71.31
04/02/2023,Afghanistan-Tajikistan Border Region,3.9,181,36.33,71.32
03/11/2023,Greece,5.1,10,38.75,23.41
17/11/2023,Tajikistan,3.9,134,37.51,72.34
14/11/2023,"Mindanao, Philippines",4.9,10,6.08,124.32
28/10/2023,Southeastern Alaska,5.3,19,59.2,-136.45
26/10/2023,"Kermadec Islands, New Zealand",5.6,10,-30.01,-177.66
04/12/2023,Philippine Islands Region,4.9,11,8.47,127.41
01/12/2023,"Hindu Kush Region, Afghanistan",3.8,140,36.55,70.47
26/11/2023,"Mindoro, Philippines",4.9,71,13.94,121.39
25/03/2023,Afghanistan-Tajikistan Border Region,3.9,108,36.58,71.56
09/10/2023,"Mihahassa Peninsula, Sulawesi",5.0,130,0.39,122.31
13/12/2023,Banda Sea,4.7,168,-7.39,128.69
25/10/2023,Afghanistan-Tajikistan Border Region,4.7,110,37.3,71.88
09/12/2023,Reykjanes Ridge,4.5,60,56.71,-34.22
08/04/2023,Southeastern Afghanistan,4.5,68,34.53,70.54
28/10/2023,Tonga Islands Region,5.9,10,-22.25,-173.33
02/12/2023,Kashmir-Xizang Border Region,3.8,60,34.61,79.8
27/11/2023,"Near S. Coast of  Honshu, Japan",4.3,294,34.38,137.6
28/02/2023,Tajikistan-Xinjiang Border Region,4.8,30,37.73,74.89
10/02/2023,Tajikistan-Xinjiang Border Region,4.2,97,38.48,73.11
18/12/2023,"Qinghai, China",5.9,35,35.72,102.84
12/12/2023,Southeastern Afghanistan,3.9,90,34.9,70.58
21/01/2023,Afghanistan-Tajikistan Border Region,4.5,120,38.76,70.5
13/08/2023,"Hindu Kush Region,Afghanistan",3.7,156,35.84,70.38
20/07/2023,Afghanistan-Tajikistan Border Region,3.5,163,36.31,71.35
14/10/2023,Central MId Atlantic Ridge,5.0,10,7.74,-36.79
10/06/2023,Tajikistan,3.8,210,37.76,73.02
15/11/2023,Afghanistan-Tajikistan Border Region,5.1,112,36.46,71.39
10/09/2023,Afghanistan-Tajikistan Border Region,4.8,212,36.58,71.22
10/12/2023,Near Coast of Peru,5.6,16,-14.27,-76.4
26/06/2023,Southwestern Kashmir,3.3,50,33.99,74.71
10/07/2023,"Hindu Kush Region,Afghanistan",3.8,160,36.68,70.81
10/03/2023,Afghanistan-Tajikistan Border Region,3.6,150,36.2,71.1
03/11/2023,Southeastern Afghanistan,2.9,80,30.63,65.41
07/10/2023,Southern Molucca Sea,4.5,10,-0.06,125.22
14/11/2023,Northwestern Iran,4.4,10,38.11,47.42
26/11/2023,33 Km SW of Batgram,3.0,25,34.54,72.69
03/04/2023,Tajikistan-Xinjiang Border Region,4.0,120,38.49,73.66
07/10/2023,Northwestern Afghanistan,5.0,45,34.94,62.17
06/11/2023,Banda Sea,5.1,179,-7.56,127.8
18/12/2023,"103 km East  of Doda, Indian Held Kashmir",5.8,28,33.2,76.66
23/11/2023,"Mindanao, Philippines",5.0,10,5.92,125.23
11/12/2023,Northwestern Afghanistan,3.9,100,35.48,64.86
08/12/2023,"New Britain Region, P.N.G.",5.4,124,-6.77,152.66
06/05/2023,Southeastern Afghanistan,3.2,140,34.66,70.37
13/10/2023,Afghanistan-Tajikistan Border Region.,3.9,156,37.27,71.73
18/04/2023,70 Km SW of Noshki,3.9,8,29.08,65.53
04/08/2023,Southeastern Afghanistan,3.2,51,34.5,70.48
06/11/2023,80 Km North of Skardu,3.1,20,36.41,75.15
18/11/2023,Vanuatu Islands,4.7,612,-13.67,171.98
25/10/2023,Afghanistan - Tajikistan Border Region,3.8,124,36.77,71.41
01/11/2023,Tonga Islands,5.4,5,-21.47,-172.25
05/12/2023,28 Km Northwest of Chilas,3.6,13,35.54,73.84
17/07/2023,Afghanistan-Tajikistan Border Region,4.4,147,36.14,71.1
24/12/2023,"Hindu Kush Region,Afghanistan",3.9,259,35.52,70.18
07/12/2023,Southern Molucca Sea,4.9,24,-1.14,126.87
19/10/2023,"Hindu Kush Region, Afghanistan",3.7,180,36.41,70.79
01/09/2023,Southeastern Afghanistan,2.1,20,34.73,69.43
14/11/2023,"Southern Xinjiang, China",4.4,25,37.49,76.76
21/10/2023,Eastern Arabian peninsula,4.5,10,22.87,59.87
03/12/2023,Philippine Islands Region,5.2,13,8.69,127.31
07/10/2023,"Xizang, China",4.8,311,32.14,79.26
06/11/2023,"Southern Xinjiang, China",4.1,50,38.34,78.15
08/12/2023,Tonga Islands,5.3,5,-20.2,-173.85
06/07/2023,Tajikistan,4.0,10,37.76,73.66
28/10/2023,"Hindu Kush Region,Afghanistan",3.8,136,36.66,68.55
20/06/2023,Afghanistan-Tajikistan Border Region,4.1,150,36.19,71.28
15/01/2023,Tajikistan-Xinjiang Border Region,5.2,175,38.15,74.72
22/12/2023,"Hindu Kush Region, in Pakistan",3.2,60,35.81,71.75
19/03/2023,Tajikistan-Xinjiang Border Region,4.4,110,38.13,74.49
06/11/2023,South Indian Ocean,4.7,29,34.07,58.06
20/12/2023,"Andreanof Islands, Aleutian Islands",5.2,43,50.94,-178.15
04/12/2023,"Fox Islands, Aleutian Islands",4.9,36,51.78,-170.84
23/02/2023,Tajikistan,6.6,301,37.53,73.02
02/12/2023,Leeward Islands,5.6,34,16.75,-60.81
22/06/2023,Afghanistan-Tajikistan Border Region,3.9,138,36.74,71.26
11/08/2023,Afghanistan-Tajikistan Border Region,2.9,199,37.06,71.14
02/12/2023,"Mindanao, Philippines",6.3,48,8.51,126.96
23/02/2023,Tajikistan-Xinjiang Border Region,4.3,90,38.14,73.47
04/10/2023,Fiji Islands Region,5.0,531,-18.15,-178.29
13/12/2023,Southern East Pacific Rise,4.7,150,-25.56,-116.0
26/11/2023,"Ryukyu Islands, Japan",5.1,107,26.93,127.02
21/12/2023,Afghanistan-Tajikistan Border Region,3.5,162,36.8,71.86
20/05/2023,"Hindu Kush Region,Afghanistan",3.6,139,36.53,70.86
04/12/2023,Philippine Islands Region,5.4,10,8.45,127.13
20/10/2023,"Hindu Kush Region,Afghanistan",3.6,190,36.48,70.47
09/09/2023,"Hindu Kush Region,Afghanistan",4.8,199,36.25,69.79
25/08/2023,Afghanistan-Tajikistan Border Region.,4.7,151,36.78,71.45
06/10/2023,"Southeast of Honshu, Japan",4.9,25,30.15,140.22
23/10/2023,"Kermadec Islands, New Zealand",5.9,15,-30.04,-177.54
04/09/2023,"Hindu Kush Region,Afghanistan",3.5,176,36.6,70.93
06/12/2023,Afghanistan-Tajikistan Border Region,3.9,140,36.72,71.26
10/02/2023,Kyrgystan,4.3,119,41.09,74.27
19/03/2023,Tajikistan,4.4,119,37.61,72.3
16/09/2023,Turkmenistan,4.7,10,41.06,52.0
14/02/2023,Afghanistan-Tajikistan Border Region,4.0,160,36.35,72.41
28/11/2023,Afghanistan-Tajikistan Border Region,3.2,122,36.22,71.69
01/12/2023,Southeastern Afghanistan,3.2,117,34.23,70.24
14/02/2023,Afghanistan-Tajikistan Border Region,3.8,178,36.45,71.2
24/02/2023,Tajikistan,3.8,173,37.64,73.65
15/07/2023,Northwestern Kashmir,2.9,17,35.61,74.04
18/02/2023,"Hindu Kush Region,Afghanistan",4.0,183,36.63,70.94
13/10/2023,"Mindanao, Philippines",5.0,92,13.82,120.67
24/07/2023,"Hindu Kush Region,Afghanistan",3.4,110,36.34,70.6
12/12/2023,"Mindanao, Philippines",5.5,55,8.75,126.89
14/10/2023,South Sandwich Island Region,5.5,115,-59.03,-25.81
20/12/2023,Northwestern Kashmir,3.2,25,36.51,74.43
11/11/2023,Southwestern Afghanistan,3.9,65,32.08,63.01
12/07/2023,Afghanistan-Tajikistan Border Region,4.0,103,36.09,71.51
16/06/2023,Tajikistan,4.2,92,37.95,73.83
24/10/2023,Taiwan Region,4.7,99,23.97,122.26
09/02/2023,"Hindu Kush Region,Afghanistan",4.8,224,36.09,68.79
04/11/2023,Turkmenistan-Iran Border Region,4.7,15,37.1,55.08
19/04/2023,10 Km West of Chitral,2.9,21,35.84,71.67
13/11/2023,"New Ireland Region, P.N.G",5.7,10,-3.95,150.86
02/05/2023,Afghanistan-Tajikistan Border Region.,5.3,307,37.51,70.81
16/10/2023,"Salta Province, Argentina",5.4,158,-24.43,-67.0
21/08/2023,"Hindu Kush Region,Afghanistan",4.3,182,36.28,70.98
14/10/2023,"17 Km west of Dera Allah Yar, Sindh",3.7,57,28.42,68.14
24/02/2023,Afghanistan-Tajikistan Border Region,3.3,131,36.38,71.15
09/03/2023,Tajikistan-Xinjiang Border Region,3.4,15,38.17,73.65
28/05/2023,"Hindu Kush Region,Afghanistan",3.9,173,36.48,70.38
24/12/2023,"Hindu Kush Region,Afghanistan",3.9,175,36.47,70.94
23/10/2023,"Hindu Kush Region, Afghanistan",3.7,111,36.77,69.95
05/11/2023,Tajikistan,3.9,280,38.77,69.72
02/06/2023,"Southern Xizang, China",3.2,122,38.19,75.24
11/06/2023,Afghanistan-Tajikistan Border Region,4.3,230,36.77,72.14
04/11/2023,"20 km SW of Uthal, Balochistan",3.8,15,25.63,66.52
03/12/2023,Philippines Islands Region,5.2,35,8.75,127.1
26/12/2023,"Southeast of Honshu, Japan",4.3,99,31.45,139.96
06/07/2023,Kashmir-India Border Region,4.6,15,32.23,76.14
01/11/2023,Timor Region,5.9,47,-10.03,123.66
21/06/2023,Tajikistan-Xinjiang Border Region,4.4,145,38.03,73.31
22/11/2023,Tajikistan,4.0,30,38.65,72.31
04/06/2023,Tajikistan-Xinjiang Border Region,4.4,130,38.2,74.17
07/04/2023,Afghanistan-Tajikistan Border Region,3.9,159,36.0,71.06
08/08/2023,Afghanistan-Tajikistan Border Region,4.5,90,38.41,71.52
20/11/2023,Southern Iran,4.3,40,27.3,56.68
05/08/2023,Afghanistan-Tajikistan Border Region,5.9,119,37.14,69.2
06/12/2023,Philippine Islands Region,5.0,127,8.59,127.08
22/10/2023,Nepal,4.9,10,28.05,84.74
23/06/2023,Afghanistan-Tajikistan Border Region,3.7,171,36.83,71.81
28/10/2023,Fiji Islands Region,5.0,248,-20.47,-167.42
07/08/2023,Kashmir-India Border Region,4.7,55,32.67,75.77
05/09/2023,Afghanistan-Tajikistan Border Region,4.3,92,37.22,71.61
28/11/2023,Windward Islands,5.6,5,12.81,-59.46
13/07/2023,Tajikistan-Xinjiang Border Region,3.4,150,38.34,73.24
10/11/2023,"Hindu Kush Region,Afghanistan",3.7,120,36.89,69.41
22/09/2023,"Hindu Kush Region,Afghanistan",3.9,133,36.59,70.54
09/12/2023,Southeastern Afghanistan,4.1,99,31.64,64.51
03/12/2023,"Seram, Indonesia",4.9,40,-2.72,129.49
05/12/2023,Afghanistan-Tajikistan Border Region,3.7,70,36.55,71.11
09/04/2023,"Hindu Kush Region,Afghanistan",3.9,194,36.83,70.97
12/11/2023,"New Ireland Region, P.N.G",5.5,72,-3.67,151.19
01/03/2023,Tajikistan-Xinjiang Border Region,4.8,15,38.46,73.6
10/11/2023,Banda Sea,5.3,15,-5.97,130.1
08/02/2023,"10 Km East of Mastung, Balochistan",4.0,13,29.8,66.95
03/12/2023,Tajikistan-Xinjiang Border Region,3.4,33,38.34,73.87
18/10/2023,Turkmenistan-Afghanistan Border Reg.,4.9,0,36.29,64.15
26/12/2023,North Atlantic Ocean,5.2,5,19.24,-68.7
30/11/2023,40 Km Northeast of Abbotabad,3.6,33,34.48,73.45
19/10/2023,"Java, Indonesia",5.2,62,-7.78,107.4
08/01/2023,Afghanistan-Tajikistan Border Region,3.7,119,37.05,71.67
28/10/2023,Vanuatu Islands,5.4,235,-13.21,167.19
20/02/2023,Mid Indian Ridge,5.0,75,-12.65,66.31
23/07/2023,"Hindu Kush Region,Afghanistan",3.7,140,35.57,66.83
02/02/2023,56 KM Northeast of Bela Baluchistan,4.3,41,26.67,66.67
09/12/2023,"Mindanao, Philippines",5.1,10,6.56,126.6
04/06/2023,Afghanistan-Tajikistan Border Region,3.9,212,36.71,71.12
12/12/2023,Tonga Islands,5.9,10,-20.22,-173.82
31/12/2023,Westren Nei Mongol China,4.8,38,36.78,104.04
10/12/2023,"Mindanao, Philippines",4.7,104,9.93,126.05
17/11/2023,Myanmar-China Border Region,5.5,24,21.26,99.32
24/12/2023,Tonga Islands,5.6,5,-20.79,-174.23
27/06/2023,Afghanistan-Tajikistan Border Region,6.3,157,36.55,71.44
07/08/2023,Afghanistan-Tajikistan Border Region,5.3,106,37.44,72.0
31/12/2023,Leeward Islands,4.7,35,15.17,-60.24
02/12/2023,"Mindanao, Philippines",5.2,81,8.36,126.83
08/09/2023,Afghanistan-Tajikistan Border Region,4.2,177,36.76,71.04
30/09/2023,Northern India,4.5,50,26.79,73.75
29/04/2023,"Hindu Kush Region,Afghanistan",4.0,141,36.51,70.91
19/08/2023,Afghanistan-Tajikistan Border Region.,3.3,229,36.39,71.3
28/11/2023,"Hindu Kush Region,Afghanistan",3.7,110,35.73,68.55
28/12/2023,"Hindu Kush Region,Afghanistan",3.5,150,35.79,70.34
03/03/2023,Tajikistan-Xinjiang Border Region,3.5,10,38.19,73.88
26/08/2023,Afghanistan-Tajikistan Border Region.,3.7,110,36.34,71.96
17/07/2023,Kashmir-India Border Region,4.2,18,32.58,75.88
06/02/2023,Turkey,6.4,57,38.04,37.66
10/09/2023,Iraq,4.9,88,35.39,44.7
08/10/2023,Tajikistan,4.1,90,40.48,71.24
25/11/2023,Ecuador,4.9,115,-1.94,-77.01
02/12/2023,"18 Km Southwest of Kohat, KPK",3.3,18,33.45,71.39
13/07/2023,Afghanistan-Tajikistan Border Region,3.1,162,37.08,71.67
28/10/2023,Northwestern Kashmir,2.8,16,36.26,73.86
31/03/2023,Kashmir-Xizang Border Region,3.7,140,36.78,76.6
30/11/2023,"Andreanof Islands, Aleutian Islands",5.0,116,51.56,-176.87
03/12/2023,"Mindanao, Philippines",5.5,64,8.65,126.73
17/06/2023,Kashmir-India Border Region,3.5,25,32.98,75.32
14/05/2023,Afghanistan-Tajikistan Border Region,3.5,90,36.46,71.23
04/08/2023,Tajikistan-Xinjiang Border Region,3.6,34,38.2,73.59
21/06/2023,Tajikistan,4.5,110,39.38,71.74
20/12/2023,Northern India,3.4,70,33.33,76.52
26/11/2023,"Off East Coast of Honshu, Japan",5.0,38,38.0,142.57
14/12/2023,"Salta Province, Argentina",5.2,184,-24.07,-66.74
